# mandreel per-phase sweep, 3 repeats x 2 modes (issue #526)
# columns: mode<TAB>repeat<TAB>phase<TAB>ms
default	1	parse+decls	12
default	1	setupMandreel	87373
default	1	setup:global_init	18258
default	1	setup:SetResolution	0
default	1	setup:internal_init	5
default	1	setup:__init	69110
default	1	run:heapcopy	9174
default	1	run:global_ctors	3
default	1	run:SetResolution	0
default	1	run:internal_init	4
default	1	run:__init	68358
default	1	run:render[0]	4060
default	1	run:render[1]	1783
default	1	run:render[2]	1704
default	1	run:render[3]	1692
default	1	run:render[4]	1686
default	1	run:render[5]	1651
default	1	run:render[6]	3419
default	1	run:render[7]	2108
default	1	run:render[8]	1704
default	1	run:render[9]	2036
default	1	run:render[10]	1491
default	1	run:render[11]	2031
default	1	run:render[12]	1399
default	1	run:render[13]	1955
default	1	run:render[14]	1404
default	1	run:render[15]	1948
default	1	run:render[16]	1407
default	1	run:render[17]	1946
default	1	run:render[18]	1409
default	1	run:render[19]	1947
default	1	run:render_total	38780
default	1	run:flush+stats_total	2
default	1	runMandreel_total	116433
default	1	TOTAL	203819
default	1	render:preupdate_total	0
default	1	render:__draw_total	38769
default	1	render:update_total	10
default	2	parse+decls	9
default	2	setupMandreel	86049
default	2	setup:global_init	18097
default	2	setup:SetResolution	0
default	2	setup:internal_init	5
default	2	setup:__init	67946
default	2	run:heapcopy	9432
default	2	run:global_ctors	3
default	2	run:SetResolution	0
default	2	run:internal_init	4
default	2	run:__init	76766
default	2	run:render[0]	3031
default	2	run:render[1]	1380
default	2	run:render[2]	1459
default	2	run:render[3]	1446
default	2	run:render[4]	1423
default	2	run:render[5]	1316
default	2	run:render[6]	1976
default	2	run:render[7]	1348
default	2	run:render[8]	1368
default	2	run:render[9]	1974
default	2	run:render[10]	1454
default	2	run:render[11]	1988
default	2	run:render[12]	1374
default	2	run:render[13]	2051
default	2	run:render[14]	1394
default	2	run:render[15]	1969
default	2	run:render[16]	1356
default	2	run:render[17]	2024
default	2	run:render[18]	1422
default	2	run:render[19]	1988
default	2	run:render_total	33741
default	2	run:flush+stats_total	1
default	2	runMandreel_total	120070
default	2	TOTAL	206128
default	2	render:preupdate_total	2
default	2	render:__draw_total	33733
default	2	render:update_total	6
default	3	parse+decls	9
default	3	setupMandreel	92505
default	3	setup:global_init	18445
default	3	setup:SetResolution	0
default	3	setup:internal_init	5
default	3	setup:__init	74054
default	3	run:heapcopy	10218
default	3	run:global_ctors	4
default	3	run:SetResolution	0
default	3	run:internal_init	4
default	3	run:__init	67866
default	3	run:render[0]	2926
default	3	run:render[1]	1408
default	3	run:render[2]	1408
default	3	run:render[3]	1403
default	3	run:render[4]	1426
default	3	run:render[5]	1422
default	3	run:render[6]	2044
default	3	run:render[7]	1425
default	3	run:render[8]	1421
default	3	run:render[9]	2027
default	3	run:render[10]	1427
default	3	run:render[11]	2057
default	3	run:render[12]	1456
default	3	run:render[13]	2021
default	3	run:render[14]	1471
default	3	run:render[15]	2054
default	3	run:render[16]	1483
default	3	run:render[17]	2050
default	3	run:render[18]	1454
default	3	run:render[19]	2036
default	3	run:render_total	34419
default	3	run:flush+stats_total	1
default	3	runMandreel_total	112630
default	3	TOTAL	205144
default	3	render:preupdate_total	1
default	3	render:__draw_total	34409
default	3	render:update_total	9
bytecode	1	parse+decls	8
bytecode	1	setupMandreel	82920
bytecode	1	setup:global_init	17391
bytecode	1	setup:SetResolution	0
bytecode	1	setup:internal_init	4
bytecode	1	setup:__init	65525
bytecode	1	run:heapcopy	9226
bytecode	1	run:global_ctors	3
bytecode	1	run:SetResolution	0
bytecode	1	run:internal_init	4
bytecode	1	run:__init	74234
bytecode	1	run:render[0]	3241
bytecode	1	run:render[1]	1478
bytecode	1	run:render[2]	1517
bytecode	1	run:render[3]	1628
bytecode	1	run:render[4]	1714
bytecode	1	run:render[5]	1507
bytecode	1	run:render[6]	2147
bytecode	1	run:render[7]	1472
bytecode	1	run:render[8]	1474
bytecode	1	run:render[9]	2084
bytecode	1	run:render[10]	1493
bytecode	1	run:render[11]	2082
bytecode	1	run:render[12]	1472
bytecode	1	run:render[13]	2080
bytecode	1	run:render[14]	1499
bytecode	1	run:render[15]	2080
bytecode	1	run:render[16]	1503
bytecode	1	run:render[17]	2041
bytecode	1	run:render[18]	1507
bytecode	1	run:render[19]	2088
bytecode	1	run:render_total	36107
bytecode	1	run:flush+stats_total	1
bytecode	1	runMandreel_total	119676
bytecode	1	TOTAL	202605
bytecode	1	render:preupdate_total	1
bytecode	1	render:__draw_total	36096
bytecode	1	render:update_total	8
bytecode	2	parse+decls	8
bytecode	2	setupMandreel	88649
bytecode	2	setup:global_init	17524
bytecode	2	setup:SetResolution	0
bytecode	2	setup:internal_init	4
bytecode	2	setup:__init	71121
bytecode	2	run:heapcopy	10472
bytecode	2	run:global_ctors	4
bytecode	2	run:SetResolution	0
bytecode	2	run:internal_init	4
bytecode	2	run:__init	73665
bytecode	2	run:render[0]	3004
bytecode	2	run:render[1]	1452
bytecode	2	run:render[2]	1454
bytecode	2	run:render[3]	1446
bytecode	2	run:render[4]	1454
bytecode	2	run:render[5]	1459
bytecode	2	run:render[6]	2084
bytecode	2	run:render[7]	1464
bytecode	2	run:render[8]	1459
bytecode	2	run:render[9]	2071
bytecode	2	run:render[10]	1464
bytecode	2	run:render[11]	2055
bytecode	2	run:render[12]	1470
bytecode	2	run:render[13]	2061
bytecode	2	run:render[14]	1468
bytecode	2	run:render[15]	2048
bytecode	2	run:render[16]	1478
bytecode	2	run:render[17]	2059
bytecode	2	run:render[18]	1480
bytecode	2	run:render[19]	2061
bytecode	2	run:render_total	34991
bytecode	2	run:flush+stats_total	2
bytecode	2	runMandreel_total	119235
bytecode	2	TOTAL	207892
bytecode	2	render:preupdate_total	1
bytecode	2	render:__draw_total	34984
bytecode	2	render:update_total	5
bytecode	3	parse+decls	9
bytecode	3	setupMandreel	95400
bytecode	3	setup:global_init	18187
bytecode	3	setup:SetResolution	0
bytecode	3	setup:internal_init	4
bytecode	3	setup:__init	77208
bytecode	3	run:heapcopy	9565
bytecode	3	run:global_ctors	4
bytecode	3	run:SetResolution	0
bytecode	3	run:internal_init	4
bytecode	3	run:__init	68132
bytecode	3	run:render[0]	3079
bytecode	3	run:render[1]	1479
bytecode	3	run:render[2]	1474
bytecode	3	run:render[3]	1484
bytecode	3	run:render[4]	1485
bytecode	3	run:render[5]	1487
bytecode	3	run:render[6]	2128
bytecode	3	run:render[7]	1513
bytecode	3	run:render[8]	1498
bytecode	3	run:render[9]	2110
bytecode	3	run:render[10]	1497
bytecode	3	run:render[11]	2103
bytecode	3	run:render[12]	1578
bytecode	3	run:render[13]	2077
bytecode	3	run:render[14]	1496
bytecode	3	run:render[15]	2080
bytecode	3	run:render[16]	1503
bytecode	3	run:render[17]	2085
bytecode	3	run:render[18]	1498
bytecode	3	run:render[19]	2080
bytecode	3	run:render_total	35734
bytecode	3	run:flush+stats_total	30
bytecode	3	runMandreel_total	113567
bytecode	3	TOTAL	208977
bytecode	3	render:preupdate_total	2
bytecode	3	render:__draw_total	35687
bytecode	3	render:update_total	44
